{
  "images": [
    {
      "id": 60,
      "width": 2666,
      "height": 4000,
      "file_name": "2022-01-08-19-22-56-079.jpg",
      "license": 1,
      "flickr_url": "",
      "coco_url": "",
      "date_captured": "2025-05-08",
      "split": "train"
    },
    {
      "id": 64,
      "width": 2008,
      "height": 1504,
      "file_name": "prisma-erd.png",
      "license": 1,
      "flickr_url": "",
      "coco_url": "",
      "date_captured": "2025-05-15",
      "split": "train"
    }
  ],
  "annotations": [
    {
      "id": 1,
      "image_id": 60,
      "category_id": 11,
      "bbox": [
        107.39990234375,
        636.7999267578125,
        336,
        368
      ],
      "area": 123648,
      "segmentation": [],
      "iscrowd": 0
    },
    {
      "id": 2,
      "image_id": 60,
      "category_id": 12,
      "bbox": [
        739.39990234375,
        929.5999755859376,
        1120,
        1056
      ],
      "area": 1182720,
      "segmentation": [],
      "iscrowd": 0
    },
    {
      "id": 3,
      "image_id": 60,
      "category_id": 11,
      "bbox": [
        539.39990234375,
        353.5999755859375,
        760,
        496
      ],
      "area": 376960,
      "segmentation": [],
      "iscrowd": 0
    },
    {
      "id": 4,
      "image_id": 64,
      "category_id": 15,
      "bbox": [
        177.88989175886115,
        772.8885803222656,
        138.13422818791946,
        148.24161073825508
      ],
      "area": 20477.24048466286,
      "segmentation": [],
      "iscrowd": 0
    }
  ],
  "categories": [
    {
      "id": 12,
      "name": "face",
      "supercategory": "object"
    },
    {
      "id": 11,
      "name": "leaves",
      "supercategory": "object"
    },
    {
      "id": 15,
      "name": "lines",
      "supercategory": "object"
    }
  ]
}