{
  "info": {
    "year": 2025,
    "version": "1.0",
    "description": "Exported from Roboflow Clone",
    "contributor": "Roboflow Clone",
    "url": "",
    "date_created": "2025-05-14T08:29:41.968Z"
  },
  "licenses": [
    {
      "id": 1,
      "name": "Unknown License",
      "url": ""
    }
  ],
  "images": [
    {
      "id": 60,
      "width": 2666,
      "height": 4000,
      "file_name": "2022-01-08-19-22-56-079.jpg",
      "license": 1,
      "flickr_url": "",
      "coco_url": "",
      "date_captured": "2025-05-08",
      "split": "test"
    }
  ],
  "annotations": [
    {
      "id": 1,
      "image_id": 60,
      "category_id": 11,
      "bbox": [
        107.39990234375,
        636.7999267578125,
        336,
        368
      ],
      "area": 123648,
      "segmentation": [],
      "iscrowd": 0
    },
    {
      "id": 2,
      "image_id": 60,
      "category_id": 12,
      "bbox": [
        739.39990234375,
        929.5999755859376,
        1120,
        1056
      ],
      "area": 1182720,
      "segmentation": [],
      "iscrowd": 0
    },
    {
      "id": 3,
      "image_id": 60,
      "category_id": 11,
      "bbox": [
        539.39990234375,
        353.5999755859375,
        760,
        496
      ],
      "area": 376960,
      "segmentation": [],
      "iscrowd": 0
    }
  ],
  "categories": [
    {
      "id": 12,
      "name": "face",
      "supercategory": "object"
    },
    {
      "id": 11,
      "name": "leaves",
      "supercategory": "object"
    }
  ]
}